"First Name","Last Name",Jersey,"DDSPF Position",Height,Weight,Age,Experience,College,"DDSPF TeamID",Strength,Agility,Arm,Speed,Hands,Accuracy,"Run Blocking","Pass Blocking",Intelligence,Endurance,Tackling,"Kick Distance","Kick Accuracy","Punt Distance","Punt Accuracy",ContractYears,Salary,Overall,PlayerID
Bot,"OT 29",77,T,74,323,25,2,None,0,80,60,35,60,35,35,80,80,60,100,35,35,35,35,35,0,0,0,2
James,Villanueva,77,T,75,300,25,7,None,0,80,60,35,60,35,35,80,80,35,100,35,35,35,35,35,0,0,0,3
William,Poe,88,TE,74,230,25,7,None,0,35,35,35,35,35,35,35,35,35,100,35,35,35,35,35,0,0,0,4
Dan,Raybot,82,WR,72,200,25,2,None,0,35,35,35,35,35,35,35,35,35,100,35,35,35,35,35,0,0,0,5
Scott,Kibbie,29,CB,72,190,25,7,None,1,35,35,35,35,35,35,35,35,35,100,35,35,35,35,35,0,0,0,6
Omar,Lucas,53,C,75,300,25,7,None,0,80,60,35,60,35,35,80,80,35,100,35,35,35,35,35,0,0,0,9
Valentin,Crockett,75,DT,75,300,25,7,None,6,35,35,35,35,35,35,35,35,35,100,35,35,35,35,35,0,0,0,10
Jimmy,Goulet,80,TE,74,230,25,7,None,8,35,35,35,35,35,35,35,35,35,100,35,35,35,35,35,0,0,0,11
Antonio,Oliver,65,T,75,300,25,7,None,0,80,60,35,60,35,35,80,80,35,100,35,35,35,35,35,0,0,0,12
Anthony,Dugger,70,DE,75,300,25,7,None,0,35,35,35,35,35,35,35,35,35,100,35,35,35,35,35,0,0,0,13
William,Kelly,68,DE,75,300,25,7,None,0,35,35,35,35,35,35,35,35,35,100,35,35,35,35,35,0,0,0,15
Tommy,Gunn,86,TE,74,230,25,7,None,7,35,35,35,35,35,35,35,35,35,100,35,35,35,35,35,0,0,0,16
George,Burrow,67,G,75,300,25,7,None,0,80,60,35,60,35,35,80,80,35,100,35,35,35,35,35,0,0,0,18
Robert,Phelps,82,WR,72,200,25,7,None,0,35,35,35,35,35,35,35,35,35,100,35,35,35,35,35,0,0,0,19
Ollie,Barba,68,DT,75,300,25,7,None,3,35,35,35,35,35,35,35,35,35,100,35,35,35,35,35,0,0,0,20
Charles,Willson,27,LB,74,230,25,7,None,5,35,35,35,35,35,35,35,35,35,100,35,35,35,35,35,0,0,0,21
Theodore,Smith,77,G,75,300,25,7,None,0,80,60,35,60,35,35,80,80,35,100,35,35,35,35,35,0,0,0,22
Dennis,Hernandez,68,DT,75,300,25,7,None,0,35,35,35,35,35,35,35,35,35,100,35,35,35,35,35,0,0,0,23
David,Fernandez,64,G,75,300,25,7,None,4,80,60,35,60,35,35,80,80,35,100,35,35,35,35,35,0,0,0,25
Benjamin,Niles,79,DE,75,300,25,7,None,0,35,35,35,35,35,35,35,35,35,100,35,35,35,35,35,0,0,0,27
Michael,Lorenzo,55,C,75,300,25,7,None,0,80,60,35,60,35,35,80,80,35,100,35,35,35,35,35,0,0,0,29
David,Bach,67,T,75,300,25,7,None,6,80,60,35,60,35,35,80,80,35,100,35,35,35,35,35,0,0,0,30
Roland,Riggins,60,G,75,300,25,7,None,0,80,60,35,60,35,35,80,80,35,100,35,35,35,35,35,0,0,0,33
Mario,Weir,71,DT,75,300,25,7,None,0,35,35,35,35,35,35,35,35,35,100,35,35,35,35,35,0,0,0,34
Brandon,Sharp,62,T,75,300,25,7,None,0,80,60,35,60,35,35,80,80,35,100,35,35,35,35,35,0,0,0,36
Carlos,Ryan,77,DT,75,300,25,7,None,0,35,35,35,35,35,35,35,35,35,100,35,35,35,35,35,0,0,0,37
Guillermo,Moody,76,T,75,300,25,7,None,4,80,60,35,60,35,35,80,80,35,100,35,35,35,35,35,0,0,0,38
George,McCain,14,P,72,200,25,7,None,5,35,35,35,35,35,35,35,35,35,100,35,35,35,35,35,0,0,0,40
William,Washington,55,C,75,300,25,7,None,0,80,60,35,60,35,35,80,80,35,100,35,35,35,35,35,0,0,0,41
Ernest,Torres,50,C,75,300,25,7,None,0,80,60,35,60,35,35,80,80,35,100,35,35,35,35,35,0,0,0,43
Carl,Bradford,61,DE,75,300,25,7,None,4,35,35,35,35,35,35,35,35,35,100,35,35,35,35,35,0,0,0,44
Dion,Soto,43,FS,72,200,25,7,None,0,35,35,35,35,35,35,35,35,35,100,35,35,35,35,35,0,0,0,45
Anderson,Trejo,75,DE,75,300,25,7,None,0,35,35,35,35,35,35,35,35,35,100,35,35,35,35,35,0,0,0,47
Eric,Graf,71,G,75,300,25,7,None,0,80,60,35,60,35,35,80,80,35,100,35,35,35,35,35,0,0,0,48
Cameron,Parsons,12,P,72,200,25,7,None,1,35,35,35,35,35,35,35,35,35,100,35,35,35,35,35,0,0,0,51
Richard,Jeffries,66,DE,75,300,25,7,None,0,35,35,35,35,35,35,35,35,35,100,35,35,35,35,35,0,0,0,53
Doom,Foot,15,P,72,200,25,7,None,7,35,35,35,35,35,35,35,35,35,100,35,35,35,35,35,0,0,0,54
Micheal,Clark,52,C,75,300,25,7,None,6,80,60,35,60,35,35,80,80,35,100,35,35,35,35,35,0,0,0,55
Roger,Smith,82,TE,74,230,25,7,None,0,35,35,35,35,35,35,35,35,35,100,35,35,35,35,35,0,0,0,56
Fabian,Barton,62,G,75,300,25,7,None,0,80,60,35,60,35,35,80,80,35,100,35,35,35,35,35,0,0,0,57
Omar,Messina,70,DE,75,300,25,7,None,0,35,35,35,35,35,35,35,35,35,100,35,35,35,35,35,0,0,0,61
Carlos,Romo,80,TE,74,230,25,7,None,0,35,35,35,35,35,35,35,35,35,100,35,35,35,35,35,0,0,0,63
Williams,Baird,75,DE,75,300,25,7,None,6,35,35,35,35,35,35,35,35,35,100,35,35,35,35,35,0,0,0,68
Christopher,Blue,58,C,75,300,25,7,None,6,80,60,35,60,35,35,80,80,35,100,35,35,35,35,35,0,0,0,70
Justin,Young,55,LB,74,230,25,7,None,2,35,35,35,35,35,35,35,35,35,100,35,35,35,35,35,0,0,0,71
Gavin,Ferraro,60,DT,75,300,25,7,None,1,35,35,35,35,35,35,35,35,35,100,35,35,35,35,35,0,0,0,72
John,Quinlan,40,CB,72,190,25,7,None,3,35,35,35,35,35,35,35,35,35,100,35,35,35,35,35,0,0,0,73
Billy,Griffin,26,CB,72,190,25,7,None,0,35,35,35,35,35,35,35,35,35,100,35,35,35,35,35,0,0,0,75
Cody,Perkins,57,C,75,300,25,7,None,0,80,60,35,60,35,35,80,80,35,100,35,35,35,35,35,0,0,0,76
Ronald,May,87,CB,72,190,25,7,None,1,35,35,35,35,35,35,35,35,35,100,35,35,35,35,35,0,0,0,77
Thomas,Walls,30,FS,72,200,25,7,None,1,35,35,35,35,35,35,35,35,35,100,35,35,35,35,35,0,0,0,79
Mark,Carlin,68,G,75,300,25,7,None,0,80,60,35,60,35,35,80,80,35,100,35,35,35,35,35,0,0,0,80
Louis,Miller,42,FB,72,240,25,7,None,6,35,35,35,35,35,35,35,35,35,100,35,35,35,35,35,0,0,0,81
Fredrick,McClung,37,SS,72,200,25,7,None,6,35,35,35,35,35,35,35,35,35,100,35,35,35,35,35,0,0,0,82
Rock,Scott,44,FB,72,240,25,7,None,5,35,35,35,35,35,35,35,35,35,100,35,35,35,35,35,0,0,0,87
Dante,Hamm,87,CB,72,190,25,7,None,5,35,35,35,35,35,35,35,35,35,100,35,35,35,35,35,0,0,0,95
Mariano,Tuggle,84,TE,74,230,25,7,None,4,35,35,35,35,35,35,35,35,35,100,35,35,35,35,35,0,0,0,109
Newton,Forte,75,G,75,300,25,7,None,1,80,60,35,60,35,35,80,80,35,100,35,35,35,35,35,0,0,0,110
Cameron,Friedman,61,DE,75,300,25,7,None,1,35,35,35,35,35,35,35,35,35,100,35,35,35,35,35,0,0,0,111
Oscar,Wilder,70,DE,75,300,25,7,None,0,35,35,35,35,35,35,35,35,35,100,35,35,35,35,35,0,0,0,112
Scott,Butler,75,DT,75,300,25,7,None,6,35,35,35,35,35,35,35,35,35,100,35,35,35,35,35,0,0,0,113
Isidro,Fairchild,60,G,75,300,25,7,None,6,80,60,35,60,35,35,80,80,35,100,35,35,35,35,35,0,0,0,114
Mark,Lomax,54,LB,74,230,25,7,None,0,35,35,35,35,35,35,35,35,35,100,35,35,35,35,35,0,0,0,115
Ricky,Turner,76,T,75,300,25,7,None,0,80,60,35,60,35,35,80,80,35,100,35,35,35,35,35,0,0,0,116
Harvey,Wilt,45,FS,72,200,25,7,None,8,35,35,35,35,35,35,35,35,35,100,35,35,35,35,35,0,0,0,118
Danny,Farrell,72,DT,75,300,25,7,None,1,35,35,35,35,35,35,35,35,35,100,35,35,35,35,35,0,0,0,119
Doug,Theriault,23,SS,72,200,25,7,None,0,35,35,35,35,35,35,35,35,35,100,35,35,35,35,35,0,0,0,121
Joseph,Berryman,64,DE,75,300,25,7,None,6,35,35,35,35,35,35,35,35,35,100,35,35,35,35,35,0,0,0,122
Sherman,Geary,78,G,75,300,25,7,None,1,80,60,35,60,35,35,80,80,35,100,35,35,35,35,35,0,0,0,134
Renaldo,Barrett,76,T,75,300,25,7,None,1,80,60,35,60,35,35,80,80,35,100,35,35,35,35,35,0,0,0,135
Andrew,Wentworth,72,T,75,300,25,7,None,0,80,60,35,60,35,35,80,80,35,100,35,35,35,35,35,0,0,0,152
Brian,Miller,77,G,75,300,25,7,None,0,80,60,35,60,35,35,80,80,35,100,35,35,35,35,35,0,0,0,154
Sean,Austin,73,T,75,300,25,7,None,6,80,60,35,60,35,35,80,80,35,100,35,35,35,35,35,0,0,0,160
Brian,Strong,20,CB,72,202,25,11,None,2,70,75,35,90,65,35,35,35,72,100,55,35,35,35,35,0,0,0,162
William,Sexton,23,SS,72,200,25,7,None,7,35,35,35,35,35,35,35,35,35,100,35,35,35,35,35,0,0,0,168
Thomas,Harris,31,SS,72,200,25,7,None,4,35,35,35,35,35,35,35,35,35,100,35,35,35,35,35,0,0,0,169
Otha,Minnick,61,DE,75,300,25,7,None,0,35,35,35,35,35,35,35,35,35,100,35,35,35,35,35,0,0,0,170
Randall,Nash,74,DT,75,300,25,7,None,5,35,35,35,35,35,35,35,35,35,100,35,35,35,35,35,0,0,0,171
Thomas,Baker,62,G,75,300,25,7,None,6,80,60,35,60,35,35,80,80,35,100,35,35,35,35,35,0,0,0,172
Carlos,Miller,80,TE,74,230,25,7,None,3,35,35,35,35,35,35,35,35,35,100,35,35,35,35,35,0,0,0,173
Eldon,Whittle,30,CB,72,190,25,7,None,0,35,35,35,35,35,35,35,35,35,100,35,35,35,35,35,0,0,0,174
Robert,Mitchell,62,G,75,300,25,7,None,7,80,60,35,60,35,35,80,80,35,100,35,35,35,35,35,0,0,0,176
Robert,Conner,86,WR,72,200,25,7,None,4,35,35,35,35,35,35,35,35,35,100,35,35,35,35,35,0,0,0,177
Harve,Hockstill,72,DT,75,300,25,7,None,7,35,35,35,35,35,35,35,35,35,100,35,35,35,35,35,0,0,0,178
Patrick,Daugherty,89,WR,72,200,25,7,None,3,35,35,35,35,35,35,35,35,35,100,35,35,35,35,35,0,0,0,179
Barry,Tibbs,33,FB,72,240,25,7,None,4,35,35,35,35,35,35,35,35,35,100,35,35,35,35,35,0,0,0,180
Laurence,Hennessey,85,WR,72,200,25,7,None,7,35,35,35,35,35,35,35,35,35,100,35,35,35,35,35,0,0,0,181
Rocco,Finley,55,C,75,300,25,7,None,1,80,60,35,60,35,35,80,80,35,100,35,35,35,35,35,0,0,0,182
Jean,Trails,31,FS,72,200,25,7,None,1,35,35,35,35,35,35,35,35,35,100,35,35,35,35,35,0,0,0,183
Nate,McKarter,73,DE,75,300,25,7,None,8,35,35,35,35,35,35,35,35,35,100,35,35,35,35,35,0,0,0,184
Danny,Drover,2,QB,72,200,25,7,None,3,35,35,35,35,35,35,35,35,35,100,35,35,35,35,35,0,0,0,185
Johnathan,Wolfe,66,DE,75,300,25,7,None,2,35,35,35,35,35,35,35,35,35,100,35,35,35,35,35,0,0,0,186
Dominic,Brewster,39,CB,72,190,25,7,None,0,35,35,35,35,35,35,35,35,35,100,35,35,35,35,35,0,0,0,187
Timon,Pumba,35,FS,72,200,25,7,None,7,35,35,35,35,35,35,35,35,35,100,35,35,35,35,35,0,0,0,188
Donald,Newsome,21,RB,72,200,25,7,None,2,35,35,35,35,35,35,35,35,35,100,35,35,35,35,35,0,0,0,189
Ronnie,TwoMeterPete,68,QB,75,300,25,7,None,0,35,35,35,35,35,35,35,35,35,100,35,35,35,35,35,0,0,0,190
Jimmy,Ramirez,66,DE,75,300,25,7,None,0,35,35,35,35,35,35,35,35,35,100,35,35,35,35,35,0,0,0,195
Rodney,Denson,89,RB,72,200,25,7,None,3,35,35,35,35,35,35,35,35,35,100,35,35,35,35,35,0,0,0,196
Jose,Mckinney,21,RB,72,200,25,7,None,2,35,35,35,35,35,35,35,35,35,100,35,35,35,35,35,0,0,0,198
Arthur,Knight,73,G,75,300,25,7,None,8,80,60,35,60,35,35,80,80,35,100,35,35,35,35,35,0,0,0,199
Peter,Douglas,70,G,75,300,25,7,None,8,80,60,35,60,35,35,80,80,35,100,35,35,35,35,35,0,0,0,200
Jim,Elsworth,71,DT,75,300,25,7,None,7,35,35,35,35,35,35,35,35,35,100,35,35,35,35,35,0,0,0,201
William,Funk,55,LB,74,230,25,7,None,1,35,35,35,35,35,35,35,35,35,100,35,35,35,35,35,0,0,0,202
Warren,Mcdowell,87,WR,72,200,25,7,None,4,35,35,35,35,35,35,35,35,35,100,35,35,35,35,35,0,0,0,203
Michael,Holt,64,DE,75,300,25,7,None,8,35,35,35,35,35,35,35,35,35,100,35,35,35,35,35,0,0,0,205
Jay,Fandango,61,DE,75,300,25,7,None,5,35,35,35,35,35,35,35,35,35,100,35,35,35,35,35,0,0,0,207
Aaron,Gibson,62,T,75,300,25,7,None,5,80,60,35,60,35,35,80,80,35,100,35,35,35,35,35,0,0,0,208
Roger,Avila,27,FS,72,200,25,7,None,0,35,35,35,35,35,35,35,35,35,100,35,35,35,35,35,0,0,0,210
Kurt,Strider,61,T,75,300,25,7,None,7,80,60,35,60,35,35,80,80,35,100,35,35,35,35,35,0,0,0,211
Frank,Bradley,88,WR,72,200,25,7,None,0,35,35,35,35,35,35,35,35,35,100,35,35,35,35,35,0,0,0,213
Raymond,Wright,45,RB,72,200,25,7,None,0,35,35,35,35,35,35,35,35,35,100,35,35,35,35,35,0,0,0,214
Robert,Bankston,79,DT,75,300,25,7,None,8,35,35,35,35,35,35,35,35,35,100,35,35,35,35,35,0,0,0,216
Sam,Teek,3,QB,72,200,25,7,None,0,35,35,35,35,35,35,35,35,35,100,35,35,35,35,35,0,0,0,218
James,Greco,46,SS,72,200,25,7,None,6,35,35,35,35,35,35,35,35,35,100,35,35,35,35,35,0,0,0,220
Michael,Fiore,4,P,72,200,25,7,None,3,35,35,35,35,35,35,35,35,35,100,35,35,35,35,35,0,0,0,223
Marion,Harrison,53,C,75,300,25,7,None,0,80,60,35,60,35,35,80,80,35,100,35,35,35,35,35,0,0,0,227
Thomas,Young,5,QB,72,200,25,7,None,4,35,35,35,35,35,35,35,35,35,100,35,35,35,35,35,0,0,0,229
Cheeseburger,Randy,72,DT,75,300,25,7,None,5,35,35,35,35,35,35,35,35,35,100,35,35,35,35,35,0,0,0,230
Adam,Dalson,25,FB,72,240,25,7,None,0,35,35,35,35,35,35,35,35,35,100,35,35,35,35,35,0,0,0,231
Brian,Arthur,28,FS,72,200,25,7,None,0,35,35,35,35,35,35,35,35,35,100,35,35,35,35,35,0,0,0,232
Herbert,Morris,25,RB,72,200,25,7,None,4,35,35,35,35,35,35,35,35,35,100,35,35,35,35,35,0,0,0,233
Samuel,Walters,67,G,75,300,25,7,None,0,80,60,35,60,35,35,80,80,35,100,35,35,35,35,35,0,0,0,237
James,Cole,43,CB,72,190,25,7,None,4,35,35,35,35,35,35,35,35,35,100,35,35,35,35,35,0,0,0,253
Joe,Archuleta,62,T,75,300,25,7,None,8,80,60,35,60,35,35,80,80,35,100,35,35,35,35,35,0,0,0,254
John,Ellis,70,DT,75,300,25,7,None,8,35,35,35,35,35,35,35,35,35,100,35,35,35,35,35,0,0,0,255
Fernando,Conner,49,RB,72,200,25,7,None,0,35,35,35,35,35,35,35,35,35,100,35,35,35,35,35,0,0,0,256
David,Isaac,28,SS,72,200,25,7,None,0,35,35,35,35,35,35,35,35,35,100,35,35,35,35,35,0,0,0,257
Eab,GustavIsBa,69,QB,75,300,25,7,None,0,35,35,35,35,35,35,35,35,35,100,35,35,35,35,35,0,0,0,258
John,Nunez,26,FB,72,240,25,7,None,2,35,35,35,35,35,35,35,35,35,100,35,35,35,35,35,0,0,0,259
Brian,Jacques,47,FS,72,200,25,7,None,0,35,35,35,35,35,35,35,35,35,100,35,35,35,35,35,0,0,0,260
Pierre,Ponce,85,WR,72,200,25,7,None,4,35,35,35,35,35,35,35,35,35,100,35,35,35,35,35,0,0,0,261
Arnold,Pritchet,87,TE,74,230,25,7,None,0,35,35,35,35,35,35,35,35,35,100,35,35,35,35,35,0,0,0,262
OhNykoIs,NeverGettingANewLog,79,QB,75,300,25,7,None,0,80,60,35,60,35,35,80,80,35,100,35,35,35,35,35,0,0,0,263
William,Welsh,70,DE,75,300,25,7,None,2,35,35,35,35,35,35,35,35,35,100,35,35,35,35,35,0,0,0,264
Kenneth,Bingham,63,DT,75,300,25,7,None,3,35,35,35,35,35,35,35,35,35,100,35,35,35,35,35,0,0,0,265
William,Yoder,17,QB,72,200,25,7,None,7,35,35,35,35,35,35,35,35,35,100,35,35,35,35,35,0,0,0,266
Christopher,Johnson,43,RB,72,200,25,7,None,0,35,35,35,35,35,35,35,35,35,100,35,35,35,35,35,0,0,0,270
George,Sikes,19,QB,72,200,25,7,None,0,35,35,35,35,35,35,35,35,35,100,35,35,35,35,35,0,0,0,272
Snek,TrouserSnek,78,QB,75,300,25,7,None,0,35,35,35,35,35,35,35,35,35,100,35,35,35,35,35,0,0,0,273
Albert,Davis,60,T,75,300,25,7,None,7,80,60,35,60,35,35,80,80,35,100,35,35,35,35,35,0,0,0,278
Eric,Ball,39,RB,72,200,25,7,None,4,35,35,35,35,35,35,35,35,35,100,35,35,35,35,35,0,0,0,279
Dave,Jeffrey,84,WR,72,200,25,7,None,1,35,35,35,35,35,35,35,35,35,100,35,35,35,35,35,0,0,0,281
John,Fonseca,64,T,75,300,25,7,None,2,80,60,35,60,35,35,80,80,35,100,35,35,35,35,35,0,0,0,283
Ronald,Doe,82,WR,72,200,25,7,None,8,35,35,35,35,35,35,35,35,35,100,35,35,35,35,35,0,0,0,285
Jason,Dejesus,28,SS,72,200,25,7,None,3,35,35,35,35,35,35,35,35,35,100,35,35,35,35,35,0,0,0,286
Ryan,Love,58,C,75,300,25,7,None,8,80,60,35,60,35,35,80,80,35,100,35,35,35,35,35,0,0,0,289
Gregg,Floor,30,CB,72,190,25,7,None,0,35,35,35,35,35,35,35,35,35,100,35,35,35,35,35,0,0,0,291
Antoine,Hunter,35,FS,72,200,25,7,None,0,35,35,35,35,35,35,35,35,35,100,35,35,35,35,35,0,0,0,294
Jerald,Bounds,2,QB,72,200,25,7,None,0,35,35,35,35,35,35,35,35,35,100,35,35,35,35,35,0,0,0,295
Bobby,Murder,62,G,75,300,25,7,None,7,80,60,35,60,35,35,80,80,35,100,35,35,35,35,35,0,0,0,297
Roman,Callahan,66,T,75,300,25,7,None,8,80,60,35,60,35,35,80,80,35,100,35,35,35,35,35,0,0,0,299
Thomas,Rindle,55,C,75,300,25,7,None,8,80,60,35,60,35,35,80,80,35,100,35,35,35,35,35,0,0,0,300
Russell,Rome,58,C,75,300,25,7,None,7,80,60,35,60,35,35,80,80,35,100,35,35,35,35,35,0,0,0,301
Trevor,CptMatt,73,G,75,300,25,7,None,5,80,60,35,60,35,35,80,80,35,100,35,35,35,35,35,0,0,0,302
Dwight,Schrute,70,G,75,300,25,7,None,5,80,60,35,60,35,35,80,80,35,100,35,35,35,35,35,0,0,0,304
Flash,Slothman,62,T,75,300,25,7,None,5,80,60,35,60,35,35,80,80,35,100,35,35,35,35,35,0,0,0,306
Dallas,Warford,53,C,75,300,25,7,None,5,80,60,35,60,35,35,80,80,35,100,35,35,35,35,35,0,0,0,307
David,Lovely,68,DT,75,300,25,7,None,2,35,35,35,35,35,35,35,35,35,100,35,35,35,35,35,0,0,0,308
James,Ellington,71,DT,75,300,25,7,None,0,35,35,35,35,35,35,35,35,35,100,35,35,35,35,35,0,0,0,309
Holy,Flax,79,DT,75,300,25,7,None,0,35,35,35,35,35,35,35,35,35,100,35,35,35,35,35,0,0,0,310
Kyle,"Van Moy",72,DT,75,300,25,7,None,4,35,35,35,35,35,35,35,35,35,100,35,35,35,35,35,0,0,0,311
Ed,Mansfield,72,DT,75,300,25,7,None,2,35,35,35,35,35,35,35,35,35,100,35,35,35,35,35,0,0,0,312
Nathanael,Mckinney,73,DE,75,300,25,7,None,7,35,35,35,35,35,35,35,35,35,100,35,35,35,35,35,0,0,0,313
Jordan,Willard,66,DE,75,300,25,7,None,0,35,35,35,35,35,35,35,35,35,100,35,35,35,35,35,0,0,0,314
Mikael,More,64,DE,75,300,25,7,None,7,35,35,35,35,35,35,35,35,35,100,35,35,35,35,35,0,0,0,316
BigBrown,AndHairy,61,DE,75,300,25,7,None,5,35,35,35,35,35,35,35,35,35,100,35,35,35,35,35,0,0,0,318
Ian,Kelley,50,LB,77,250,25,13,None,2,94,92,35,93,82,35,35,35,50,100,69,35,35,35,35,0,0,0,319
James,Hound,40,CB,72,190,25,7,None,0,35,35,35,35,35,35,35,35,35,100,35,35,35,35,35,0,0,0,321
Frank,Celine,23,SS,72,200,25,7,None,0,35,35,35,35,35,35,35,35,35,100,35,35,35,35,35,0,0,0,322
Timmy,Green,46,SS,72,200,25,7,None,0,35,35,35,35,35,35,35,35,35,100,35,35,35,35,35,0,0,0,324
John,Rivera,37,SS,72,200,25,7,None,8,35,35,35,35,35,35,35,35,35,100,35,35,35,35,35,0,0,0,325
Jon,Kill,32,SS,72,200,25,7,None,0,35,35,35,35,35,35,35,35,35,100,35,35,35,35,35,0,0,0,326
Rick,Douglas,89,RB,72,200,25,7,None,6,35,35,35,35,35,35,35,35,35,100,35,35,35,35,35,0,0,0,327
Patrick,Kelley,80,WR,72,200,25,11,None,2,80,87,35,96,88,35,35,35,50,100,35,35,35,35,35,0,0,0,328
Lordy,Hammond,85,WR,72,200,25,7,None,0,35,35,35,35,35,35,35,35,35,100,35,35,35,35,35,0,0,0,329
Randy,Durk,89,WR,72,200,25,7,None,2,35,35,35,35,35,35,35,35,35,100,35,35,35,35,35,0,0,0,332
Francis,Trust,88,WR,72,200,25,7,None,7,35,35,35,35,35,35,35,35,35,100,35,35,35,35,35,0,0,0,334
Dirk,Vuvuzela,47,RB,72,200,25,7,None,1,35,35,35,35,35,35,35,35,35,100,35,35,35,35,35,0,0,0,338
Ray,Wrong,45,RB,72,200,25,7,None,5,35,35,35,35,35,35,35,35,35,100,35,35,35,35,35,0,0,0,340
Rob,Donner,86,WR,72,200,25,7,None,0,35,35,35,35,35,35,35,35,35,100,35,35,35,35,35,0,0,0,341
Huey,Good,88,WR,72,200,25,7,None,5,35,35,35,35,35,35,35,35,35,100,35,35,35,35,35,0,0,0,342
Elmo,"De Santis",27,FB,72,240,25,7,None,0,35,35,35,35,35,35,35,35,35,100,35,35,35,35,35,0,0,0,343
Larry,Hayes,17,P,72,200,25,7,None,6,35,35,35,35,35,35,35,35,35,100,35,35,35,35,35,0,0,0,344
Randy,Fella,9,P,72,200,25,7,None,0,35,35,35,35,35,35,35,35,35,100,35,35,35,35,35,0,0,0,345
Malcolm,Fires,4,P,72,200,25,7,None,2,35,35,35,35,35,35,35,35,35,100,35,35,35,35,35,0,0,0,346
Francis,Enders,1,TE,74,230,25,7,None,0,35,35,35,35,35,35,35,35,35,100,35,35,35,35,35,0,0,0,348
Dave,Romance,13,TE,74,230,25,7,None,2,35,35,35,35,35,35,35,35,35,100,35,35,35,35,35,0,0,0,349
Rodney,Freeland,9,TE,74,230,25,7,None,4,35,35,35,35,35,35,35,35,35,100,35,35,35,35,35,0,0,0,350
Ike,T,8,G,75,300,25,7,None,4,80,60,35,60,35,35,80,80,35,100,35,35,35,35,35,0,0,0,351
Tim,Greece,2,G,75,300,25,7,None,3,80,60,35,60,35,35,80,80,35,100,35,35,35,35,35,0,0,0,352
Dave,Lions,14,G,75,300,25,7,None,2,80,60,35,60,35,35,80,80,35,100,35,35,35,35,35,0,0,0,353
Andrew,Holmes,18,G,75,300,25,7,None,3,80,60,35,60,35,35,80,80,35,100,35,35,35,35,35,0,0,0,354
Lindon,Rawls,15,G,75,300,25,7,None,2,80,60,35,60,35,35,80,80,35,100,35,35,35,35,35,0,0,0,355
Pete,Rosewood,13,G,75,300,25,7,None,0,80,60,35,60,35,35,80,80,35,100,35,35,35,35,35,0,0,0,356
Tack,Roost,8,T,75,300,25,7,None,2,80,60,35,60,35,35,80,80,35,100,35,35,35,35,35,0,0,0,357
Will,T,11,T,75,300,25,7,None,4,80,60,35,60,35,35,80,80,35,100,35,35,35,35,35,0,0,0,358
Yup,TurnerIsDadd,19,QB,75,300,25,7,None,0,80,60,35,60,35,35,80,80,35,100,35,35,35,35,35,0,0,0,360
Zain,Wozy,87,WR,72,200,25,2,None,0,35,50,35,68,53,35,35,35,35,100,35,35,35,35,35,0,0,0,361
Andy,Zulu,17,T,75,300,25,7,None,3,80,60,35,60,35,35,80,80,35,100,35,35,35,35,35,0,0,0,362
Brandon,Riecht,7,T,75,300,25,7,None,3,80,60,35,60,35,35,80,80,35,100,35,35,35,35,35,0,0,0,363
Chris,Centers,18,C,75,300,25,7,None,2,80,60,35,60,35,35,80,80,35,100,35,35,35,35,35,0,0,0,364
Yak,Carter,6,C,75,300,25,7,None,3,80,60,35,60,35,35,80,80,35,100,35,35,35,35,35,0,0,0,365
Weasley,Drains,19,C,75,300,25,7,None,2,80,60,35,60,35,35,80,80,35,100,35,35,35,35,35,0,0,0,366
Timmy,T,1,C,75,300,25,7,None,4,80,60,35,60,35,35,80,80,35,100,35,35,35,35,35,0,0,0,367
Tyrell,Kilt,13,C,75,300,25,7,None,4,80,60,35,60,35,35,80,80,35,100,35,35,35,35,35,0,0,0,369
Noah,Roberts,12,C,75,300,25,7,None,3,80,60,35,60,35,35,80,80,35,100,35,35,35,35,35,0,0,0,370
Jack,Smith,13,TE,74,230,25,7,None,0,35,35,35,35,35,35,35,35,35,100,35,35,35,35,35,0,0,0,371
Oliver,Evans,13,TE,74,230,25,7,None,6,35,35,35,35,35,35,35,35,35,100,35,35,35,35,35,0,0,0,372
Thomas,Williams,16,DE,75,300,25,7,None,3,35,35,35,35,35,35,35,35,35,100,35,35,35,35,35,0,0,0,373
Ethan,Lewis,7,DE,75,300,25,7,None,3,35,35,35,35,35,35,35,35,35,100,35,35,35,35,35,0,0,0,374
Everyone,IsBetterThanM,10,QB,72,200,25,7,None,0,35,35,35,35,35,35,35,35,35,100,35,35,35,35,35,0,0,0,377
Daniel,Knudsen,7,QB,72,200,25,7,None,8,35,35,35,35,35,35,35,35,35,100,35,35,35,35,35,0,0,0,378
Oscar,Carter,87,TE,74,230,25,7,None,0,35,35,35,35,35,35,35,35,35,100,35,35,35,35,35,0,0,0,381
Frederick,Higgs,27,FB,72,240,25,7,None,0,35,35,35,35,35,35,35,35,35,100,35,35,35,35,35,0,0,0,382
Joshua,Seidel,36,FS,72,200,25,7,None,2,35,35,35,35,35,35,35,35,35,100,35,35,35,35,35,0,0,0,383
Killian,BananaHammoc,65,QB,75,300,25,7,None,0,35,35,35,35,35,35,35,35,35,100,35,35,35,35,35,0,0,0,384
Brandon,Price,59,LB,74,230,25,7,None,0,35,35,35,35,35,35,35,35,35,100,35,35,35,35,35,0,0,0,385
Andre,Parsons,24,FB,72,240,25,7,None,0,35,35,35,35,35,35,35,35,35,100,35,35,35,35,35,0,0,0,387
William,Barrett,1,K,72,200,25,7,None,0,35,35,35,35,35,35,35,35,35,100,35,35,35,35,35,0,0,0,389
Darrel,Presley,71,DE,75,300,25,7,None,0,35,35,35,35,35,35,35,35,35,100,35,35,35,35,35,0,0,0,390
Johnny,Bell,27,FS,72,200,25,7,None,2,35,35,35,35,35,35,35,35,35,100,35,35,35,35,35,0,0,0,393
James,Lorenzo,46,SS,72,200,25,7,None,0,35,35,35,35,35,35,35,35,35,100,35,35,35,35,35,0,0,0,395
Thomas,Dobbs,62,DE,75,300,25,7,None,1,35,35,35,35,35,35,35,35,35,100,35,35,35,35,35,0,0,0,396
Joseph,Dunlap,75,DT,75,300,25,7,None,0,35,35,35,35,35,35,35,35,35,100,35,35,35,35,35,0,0,0,398
Thomas,Scott,44,RB,72,200,25,7,None,0,35,35,35,35,35,35,35,35,35,100,35,35,35,35,35,0,0,0,401
Bruce,O'Donnell,59,LB,74,230,25,7,None,4,35,35,35,35,35,35,35,35,35,100,35,35,35,35,35,0,0,0,402
Charles,Cox,34,CB,72,190,25,7,None,8,35,35,35,35,35,35,35,35,35,100,35,35,35,35,35,0,0,0,404
William,Toney,44,FS,72,200,25,7,None,0,35,35,35,35,35,35,35,35,35,100,35,35,35,35,35,0,0,0,405
Chet,Rodriguez,51,C,75,300,25,7,None,0,80,60,35,60,35,35,80,80,35,100,35,35,35,35,35,0,0,0,406
Bobby,Lawhorn,82,WR,72,200,25,7,None,1,35,35,35,35,35,35,35,35,35,100,35,35,35,35,35,0,0,0,407
Donald,Goldstein,20,CB,72,190,25,7,None,4,35,35,35,35,35,35,35,35,35,100,35,35,35,35,35,0,0,0,409
Thurman,Young,2,P,72,200,25,7,None,8,35,35,35,35,35,35,35,35,35,100,35,35,35,35,35,0,0,0,410
Roger,Baker,33,RB,72,200,25,7,None,3,35,35,35,35,35,35,35,35,35,100,35,35,35,35,35,0,0,0,412
George,Hill,57,LB,74,230,25,7,None,4,35,35,35,35,35,35,35,35,35,100,35,35,35,35,35,0,0,0,413
Jesus,Henry,53,LB,74,230,25,7,None,0,35,35,35,35,35,35,35,35,35,100,35,35,35,35,35,0,0,0,414
Ivan,Frank,13,QB,72,200,25,7,None,2,35,35,35,35,35,35,35,35,35,100,35,35,35,35,35,0,0,0,417
Samuel,Pettit,7,P,72,200,25,7,None,7,35,35,35,35,35,35,35,35,35,100,35,35,35,35,35,0,0,0,418
Jerald,Harrison,38,RB,72,200,25,7,None,1,35,35,35,35,35,35,35,35,35,100,35,35,35,35,35,0,0,0,419
George,Apple,57,C,75,300,25,7,None,1,80,60,35,60,35,35,80,80,35,100,35,35,35,35,35,0,0,0,422
Michael,Carlos,41,FB,72,240,25,7,None,0,35,35,35,35,35,35,35,35,35,100,35,35,35,35,35,0,0,0,423
Suspicious,Dave,87,TE,76,235,25,11,None,0,69,69,35,78,81,35,35,35,60,100,35,35,35,35,35,0,0,0,424
Michael,Gooding,52,C,75,300,25,7,None,0,80,60,35,60,35,35,80,80,35,100,35,35,35,35,35,0,0,0,425
Luis,Ranger,97,LB,74,230,25,7,None,8,35,35,35,35,35,35,35,35,35,100,35,35,35,35,35,0,0,0,427
Renn,Shortly,41,RB,72,200,25,7,None,0,35,35,35,35,35,35,35,35,35,100,35,35,35,35,35,0,0,0,428
Ben,Benji,42,FS,72,200,25,7,None,5,35,35,35,35,35,35,35,35,35,100,35,35,35,35,35,0,0,0,429
Trevor,Slammer,24,RB,72,200,25,7,None,8,35,35,35,35,35,35,35,35,35,100,35,35,35,35,35,0,0,0,434
Job,Lemonside,39,RB,72,200,25,7,None,7,35,35,35,35,35,35,35,35,35,100,35,35,35,35,35,0,0,0,436
Matt,Strongland,93,LB,74,230,25,7,None,3,35,35,35,35,35,35,35,35,35,100,35,35,35,35,35,0,0,0,437
Logan,Crawford,12,QB,77,230,25,11,None,0,51,51,69,54,35,83,35,35,82,100,35,35,35,35,35,0,0,0,440
Harry,Batt,34,SS,72,200,25,7,None,3,35,35,35,35,35,35,35,35,35,100,35,35,35,35,35,0,0,0,442
Reginald,Sharkstrong,41,RB,72,215,25,12,None,8,43,51,35,100,80,35,35,35,39,100,35,35,35,35,35,0,0,0,445
A'Brick,Wall,55,LB,77,244,25,12,None,5,62,56,35,62,55,35,35,35,52,100,55,35,35,35,35,0,0,0,449
Demetrius,Sharkstrong,93,LB,74,260,25,12,None,2,95,60,35,93,60,35,35,35,50,100,60,35,35,35,35,0,0,0,451
Timmy,Tim,8,QB,72,200,25,7,None,1,35,35,35,35,35,35,35,35,35,100,35,35,35,35,35,0,0,0,453
John,Anderson,57,C,78,310,25,7,None,5,80,60,35,60,35,35,80,80,35,100,35,35,35,35,35,0,0,0,454
Ralph,Helton,70,T,75,280,25,7,None,1,80,60,35,60,35,35,80,80,35,100,35,35,35,35,35,0,0,0,455
Sean,Whitt,81,WR,72,200,25,7,None,0,35,35,35,35,35,35,35,35,35,100,35,35,35,35,35,0,0,0,456
Abroham,Drinkin,50,LB,74,256,25,11,None,0,70,55,35,88,55,35,35,35,60,100,70,35,35,35,35,0,0,0,457
Daniel,Ness,54,C,73,318,25,7,None,7,80,60,35,60,35,35,80,80,35,100,35,35,35,35,35,0,0,0,458
Mark,Cahill,84,TE,74,230,25,7,None,5,35,35,35,35,35,35,35,35,35,100,35,35,35,35,35,0,0,0,459
Christopher,McClure,70,T,73,306,25,7,None,0,80,60,35,60,35,35,80,80,35,100,35,35,35,35,35,0,0,0,460
David,Vela,47,FS,72,200,25,7,None,4,35,35,35,35,35,35,35,35,35,100,35,35,35,35,35,0,0,0,461
Ricardo,Hughes,84,WR,72,200,25,7,None,0,35,35,35,35,35,35,35,35,35,100,35,35,35,35,35,0,0,0,462
Dennis,Baines,24,SS,72,200,25,7,None,4,35,35,35,35,35,35,35,35,35,100,35,35,35,35,35,0,0,0,463
George,Stevenson,78,G,74,321,25,7,None,0,80,60,35,60,35,35,80,80,35,100,35,35,35,35,35,0,0,0,464
Darren,Sisco,52,LB,74,230,25,7,None,7,35,35,35,35,35,35,35,35,35,100,35,35,35,35,35,0,0,0,465
Christopher,Huey,31,CB,72,190,25,7,None,0,35,35,35,35,35,35,35,35,35,100,35,35,35,35,35,0,0,0,466
Charles,Carter,40,CB,72,190,25,7,None,3,35,35,35,35,35,35,35,35,35,100,35,35,35,35,35,0,0,0,467
Vincenzo,Keeney,53,LB,74,230,25,7,None,0,35,35,35,35,35,35,35,35,35,100,35,35,35,35,35,0,0,0,468
Rodney,Barbosa,88,WR,72,200,25,7,None,2,35,35,35,35,35,35,35,35,35,100,35,35,35,35,35,0,0,0,469
Dwayne,Perez,40,FB,72,240,25,7,None,0,35,35,35,35,35,35,35,35,35,100,35,35,35,35,35,0,0,0,470
John,Davis,88,WR,72,200,25,7,None,0,35,35,35,35,35,35,35,35,35,100,35,35,35,35,35,0,0,0,471
James,Burke,75,DT,75,296,25,7,None,1,35,35,35,35,35,35,35,35,35,100,35,35,35,35,35,0,0,0,472
Clarence,Crooks,79,DE,74,289,25,7,None,4,35,35,35,35,35,35,35,35,35,100,35,35,35,35,35,0,0,0,473
Alexander,Orozco,39,FS,72,200,25,7,None,0,35,35,35,35,35,35,35,35,35,100,35,35,35,35,35,0,0,0,474
Everett,Mills,80,TE,74,230,25,7,None,1,35,35,35,35,35,35,35,35,35,100,35,35,35,35,35,0,0,0,475
James,Main,56,C,73,280,25,7,None,0,80,60,35,60,35,35,80,80,35,100,35,35,35,35,35,0,0,0,476
Joseph,Martinez,84,WR,72,200,25,7,None,3,35,35,35,35,35,35,35,35,35,100,35,35,35,35,35,0,0,0,477
Josiah,Stevens,8,P,72,200,25,7,None,0,35,35,35,35,35,35,35,35,35,100,35,35,35,35,35,0,0,0,478
Henry,Holtz,34,CB,72,190,25,7,None,0,35,35,35,35,35,35,35,35,35,100,35,35,35,35,35,0,0,0,481
William,Rosado,80,WR,72,200,25,7,None,0,35,35,35,35,35,35,35,35,35,100,35,35,35,35,35,0,0,0,482
Matthew,Rand,86,WR,72,200,25,7,None,8,35,35,35,35,35,35,35,35,35,100,35,35,35,35,35,0,0,0,483
Robert,Gomez,76,G,75,308,25,7,None,0,80,60,35,60,35,35,80,80,35,100,35,35,35,35,35,0,0,0,484
Samuel,Burgess,84,WR,72,200,25,7,None,0,35,35,35,35,35,35,35,35,35,100,35,35,35,35,35,0,0,0,485
Charles,Mosher,50,LB,74,230,25,7,None,0,35,35,35,35,35,35,35,35,35,100,35,35,35,35,35,0,0,0,486
John,Kelly,13,P,72,200,25,7,None,0,35,35,35,35,35,35,35,35,35,100,35,35,35,35,35,0,0,0,487
James,Kingsley,71,DT,76,306,25,7,None,0,35,35,35,35,35,35,35,35,35,100,35,35,35,35,35,0,0,0,488
Gilbert,Fink,19,K,72,200,25,7,None,0,35,35,35,35,35,35,35,35,35,100,35,35,35,35,35,0,0,0,489
John,Gist,7,QB,72,200,25,7,None,0,35,35,35,35,35,35,35,35,35,100,35,35,35,35,35,0,0,0,490
Charles,Adams,51,LB,74,230,25,7,None,0,35,35,35,35,35,35,35,35,35,100,35,35,35,35,35,0,0,0,491
Jeff,Lee,52,C,73,288,25,7,None,0,80,60,35,60,35,35,80,80,35,100,35,35,35,35,35,0,0,0,492
Thomas,Duncan,80,WR,72,200,25,7,None,0,35,35,35,35,35,35,35,35,35,100,35,35,35,35,35,0,0,0,493
Cleveland,Herrington,63,DE,75,290,25,7,None,0,35,35,35,35,35,35,35,35,35,100,35,35,35,35,35,0,0,0,494
Mckinley,Fortune,33,SS,72,200,25,7,None,0,35,35,35,35,35,35,35,35,35,100,35,35,35,35,35,0,0,0,495
Ricardo,Gunter,48,FS,72,200,25,7,None,5,35,35,35,35,35,35,35,35,35,100,35,35,35,35,35,0,0,0,496
Ryan,Dent,60,DT,76,302,25,7,None,4,35,35,35,35,35,35,35,35,35,100,35,35,35,35,35,0,0,0,497
Michael,Waters,7,K,72,200,25,7,None,0,35,35,35,35,35,35,35,35,35,100,35,35,35,35,35,0,0,0,498
Howard,Van,89,TE,74,230,25,7,None,0,35,35,35,35,35,35,35,35,35,100,35,35,35,35,35,0,0,0,499
Ernest,Morris,15,P,72,200,25,7,None,4,35,35,35,35,35,35,35,35,35,100,35,35,35,35,35,0,0,0,500
Tyrone,Best,87,WR,72,200,25,7,None,5,35,35,35,35,35,35,35,35,35,100,35,35,35,35,35,0,0,0,501
James,Kelsey,84,WR,72,200,25,7,None,0,35,35,35,35,35,35,35,35,35,100,35,35,35,35,35,0,0,0,502
Carmen,Shull,74,DE,75,251,25,7,None,0,35,35,35,35,35,35,35,35,35,100,35,35,35,35,35,0,0,0,503
Christopher,Mott,83,TE,74,230,25,7,None,8,35,35,35,35,35,35,35,35,35,100,35,35,35,35,35,0,0,0,504
John,Scott,57,LB,74,230,25,7,None,0,35,35,35,35,35,35,35,35,35,100,35,35,35,35,35,0,0,0,505
Steve,Kerr,41,SS,72,200,25,7,None,2,35,35,35,35,35,35,35,35,35,100,35,35,35,35,35,0,0,0,506
William,Morales,87,WR,72,200,25,7,None,0,35,35,35,35,35,35,35,35,35,100,35,35,35,35,35,0,0,0,507
Manuel,Cates,14,P,72,200,25,7,None,0,35,35,35,35,35,35,35,35,35,100,35,35,35,35,35,0,0,0,508
Mikel,Whitaker,55,C,78,334,25,7,None,0,80,60,35,60,35,35,80,80,35,100,35,35,35,35,35,0,0,0,509
Paul,Alonzo,11,K,72,200,25,7,None,0,35,35,35,35,35,35,35,35,35,100,35,35,35,35,35,0,0,0,510
George,Camacho,80,WR,72,200,25,7,None,7,35,35,35,35,35,35,35,35,35,100,35,35,35,35,35,0,0,0,511
Gerald,Tang,37,FB,72,240,25,7,None,0,35,35,35,35,35,35,35,35,35,100,35,35,35,35,35,0,0,0,512
John,Johnson,46,FB,72,240,25,7,None,8,35,35,35,35,35,35,35,35,35,100,35,35,35,35,35,0,0,0,514
Tommy,Jacobs,34,FS,72,200,25,7,None,0,35,35,35,35,35,35,35,35,35,100,35,35,35,35,35,0,0,0,515
David,Perez,39,CB,72,190,25,7,None,2,35,35,35,35,35,35,35,35,35,100,35,35,35,35,35,0,0,0,516
Hyphen,Boxcar-Jones,28,SS,74,210,25,10,None,8,90,85,35,93,75,35,35,35,80,100,76,35,35,35,35,0,0,0,735
Dee,Fence,21,FS,72,200,25,10,None,3,85,86,35,100,93,35,35,35,80,100,69,35,35,35,35,0,0,0,738
Johnny,Bravo,84,TE,76,255,25,10,None,3,67,64,35,84,81,35,35,35,35,100,35,35,35,35,35,0,0,0,740
Bjorn,Lothbrok,50,LB,75,230,25,10,None,0,60,60,35,69,43,35,35,35,60,100,54,35,35,35,35,0,0,0,741
DeMetrius,Williams,21,CB,72,200,25,10,None,0,60,60,35,83,60,35,35,35,60,100,35,35,35,35,35,0,0,0,742
Kasay,Longwell,6,K,71,206,25,10,None,5,35,35,35,35,35,35,35,35,67,100,35,97,96,97,96,0,0,0,743
Balto,Whitefang,1,K,72,200,25,7,None,0,35,35,35,35,35,35,35,35,35,100,35,83,83,83,83,0,0,0,744
Gavin,Rose,5,QB,77,230,25,9,None,2,50,50,93,79,35,100,35,35,100,100,35,35,35,35,35,0,0,0,745
Dewey,Jackson,88,WR,72,200,25,9,None,3,75,89,35,99,90,35,35,35,39,100,35,35,35,35,35,0,0,0,747
Trustworthy,Dan,55,LB,74,230,25,9,None,0,84,58,35,84,35,35,35,35,61,100,47,35,35,35,35,0,0,0,748
Clint,Bobsky,93,LB,77,250,25,9,None,3,99,85,35,93,67,35,35,35,61,100,80,35,35,35,35,0,0,0,749
Lamarcus,Oshiomogho,21,FS,73,200,25,9,None,3,78,67,35,95,73,35,35,35,87,100,70,35,35,35,35,0,0,0,751
Djibril,Kabore,26,CB,72,205,25,9,None,0,70,70,35,85,75,35,35,35,65,100,65,35,35,35,35,0,0,0,754
Desmond,King,28,RB,70,200,25,9,None,0,35,58,35,83,54,35,35,35,35,100,35,35,35,35,35,0,0,0,755
Marques,Hampton-Hill,93,LB,76,240,25,9,None,0,75,35,35,84,35,35,35,35,35,100,47,35,35,35,35,0,0,0,756
Rencis,Basais,12,K,75,230,25,9,None,0,35,35,35,35,35,35,35,35,38,100,35,79,79,79,79,0,0,0,761
Morgan,Pioveson,26,SS,74,215,25,9,None,0,52,35,35,84,65,35,35,35,61,100,72,35,35,35,35,0,0,0,767
Snek,Stillinmahbewt,1,K,72,210,25,7,None,0,35,35,35,35,35,35,35,35,35,100,35,83,83,83,83,0,0,0,768
Chef,Jeff,1,K,72,210,25,7,None,6,35,35,35,35,35,35,35,35,35,100,35,83,83,83,83,0,0,0,769
Casey,Archer,24,CB,72,200,25,8,None,5,49,93,35,98,91,35,35,35,93,100,47,35,35,35,35,0,0,0,770
Mr.,Cornholio,85,WR,76,225,25,8,None,1,87,80,35,90,92,35,35,35,80,100,35,35,35,35,35,0,0,0,773
Lester,McCorn,26,CB,72,210,25,8,None,4,65,87,35,98,90,35,35,35,85,100,50,35,35,35,35,0,0,0,774
TJ,Hendrix,11,WR,72,190,25,8,None,0,35,60,35,84,80,35,35,35,41,100,35,35,35,35,35,0,0,0,775
JJ,Hendrix,22,CB,72,190,25,8,None,0,38,50,35,88,78,35,35,35,60,100,62,35,35,35,35,0,0,0,776
Diana,Gunner,15,K,72,190,25,8,None,2,35,35,35,35,35,35,35,35,35,100,35,100,101,100,101,0,0,0,777
Matt,Saracen,88,TE,76,225,25,8,None,7,80,90,35,102,90,35,35,35,74,100,35,35,35,35,35,0,0,0,780
Johnny,Greg,6,K,75,230,25,8,None,4,35,35,35,35,35,35,35,35,35,100,35,99,99,99,99,0,0,0,781
Luke,Cafferty,44,CB,72,195,25,8,None,0,35,84,35,96,78,35,35,35,83,100,44,35,35,35,35,0,0,0,782
Thormond,Jakobsen,22,FB,75,290,25,8,None,3,75,60,35,80,70,35,92,91,50,100,35,35,35,35,35,0,0,0,783
Quinton,Reeves,11,WR,72,190,25,8,None,0,38,65,35,84,65,35,35,35,35,100,35,35,35,35,35,0,0,0,784
Khobe,Karter,15,WR,72,189,25,8,None,0,47,65,35,81,76,35,35,35,35,100,35,35,35,35,35,0,0,0,785
Jackson,Gser,53,LB,73,225,25,8,None,1,78,49,35,80,49,35,35,35,35,100,76,35,35,35,35,0,0,0,786
Ekong,Okafor,94,LB,77,245,25,8,None,4,88,49,35,88,35,35,35,35,49,100,88,35,35,35,35,0,0,0,787
Nick,Vandal,39,FS,73,200,25,8,None,0,39,59,35,86,68,35,35,35,59,100,49,35,35,35,35,0,0,0,788
Sans,Skeleton,99,LB,74,220,25,8,None,6,69,35,35,80,35,35,35,35,59,100,48,35,35,35,35,0,0,0,789
Cre'Yon,LeBlanc,35,CB,72,195,25,8,None,0,35,35,35,85,59,35,35,35,49,100,52,35,35,35,35,0,0,0,790
Waffler,Goodpancake,49,RB,74,235,25,8,None,6,38,35,35,81,65,35,35,35,35,100,35,35,35,35,35,0,0,0,791
Bartholomew,Blojo,39,SS,74,220,25,8,None,0,49,54,35,78,49,35,35,35,49,100,49,35,35,35,35,0,0,0,792
Ja'fron,Judge,28,CB,73,200,25,8,None,0,35,35,35,84,47,35,35,35,51,100,35,35,35,35,35,0,0,0,793
Jake,Luck,17,QB,76,210,25,8,None,0,35,35,65,37,35,65,35,35,65,100,35,35,35,35,35,0,0,0,794
Filler,McFillerFace,40,FB,75,255,25,8,None,0,65,35,35,70,35,35,60,59,35,100,35,50,35,50,35,0,0,0,795
Johnathan,"Gallop Jr.",10,WR,72,200,25,8,None,0,35,35,35,73,62,35,35,35,35,100,35,35,35,35,35,0,0,0,796
JoJo,Mahomes,24,SS,72,190,25,8,None,0,35,49,35,66,49,35,35,35,60,100,53,35,35,35,35,0,0,0,797
Freddie,Mitchell,84,WR,72,200,25,8,None,0,35,42,35,75,52,35,35,35,35,100,35,35,35,35,35,0,0,0,798
Lewis,Ray,52,LB,73,240,25,8,None,0,49,35,35,59,35,35,35,35,59,100,68,35,35,35,35,0,0,0,799
Lynch,Marshawn,24,RB,71,215,25,8,None,0,47,57,35,65,35,35,35,35,55,100,35,35,35,35,35,0,0,0,800
D'Quez,Farquaad,21,CB,71,194,25,8,None,0,35,50,35,65,50,35,35,35,50,100,35,35,35,35,35,0,0,0,801
Luca,Terzilla,58,LB,75,230,25,8,None,0,41,35,35,68,35,35,35,35,39,100,54,35,35,35,35,0,0,0,802
Raphael,Nazarians,27,CB,72,175,25,8,None,0,35,35,35,65,49,35,35,35,35,100,46,35,35,35,35,0,0,0,803
Shaquem,Williams,49,WR,72,227,25,8,None,0,38,41,35,62,35,35,35,35,38,100,35,35,35,35,35,0,0,0,804
Shaquill,"Williams III",26,CB,72,198,25,8,None,0,35,37,35,65,49,35,35,35,35,100,35,35,35,35,35,0,0,0,805
Nick,Juszczyk-McGlinchey,99,LB,76,245,25,8,None,0,49,35,35,54,35,35,35,35,38,100,54,35,35,35,35,0,0,0,806
Raph,Jesus,17,WR,72,175,25,8,None,0,35,37,35,57,47,35,35,35,35,100,35,35,35,35,35,0,0,0,807
Doom,Savalas,55,LB,75,240,25,8,None,0,35,35,35,63,35,35,35,35,35,100,35,35,35,35,35,0,0,0,808
Mitch,Osbourne,98,QB,77,230,25,2,None,0,35,35,63,35,35,52,35,35,63,100,35,35,35,35,35,0,0,0,809
Kyle,Osbourne,97,CB,71,189,25,2,None,0,35,55,35,58,56,35,35,35,55,100,35,35,35,35,35,0,0,0,810
Gezan,Banff,43,SS,74,220,25,3,None,4,80,70,35,92,70,35,35,35,60,100,75,35,35,35,35,0,0,0,811
Ivan,"Zamora Jr",83,WR,76,225,25,3,None,5,83,75,35,89,93,35,35,35,35,100,35,35,35,35,35,0,0,0,812
Thorn,Forg,22,FS,73,210,25,3,None,8,60,95,35,97,80,35,35,35,80,100,50,35,35,35,35,0,0,0,813
Danton,Howlson,44,RB,72,200,25,7,None,4,84,83,35,91,78,35,35,35,78,100,35,35,35,35,35,0,0,0,815
Noah,Jacobs,37,FS,73,195,25,7,None,4,64,80,35,100,92,35,36,35,85,100,71,35,35,35,35,0,0,0,816
Goodall,West,16,WR,75,205,25,7,None,4,85,82,35,93,96,35,44,44,60,100,35,35,35,35,35,0,0,0,817
Evenging,Chong,18,K,69,170,25,7,None,0,35,35,35,35,35,35,47,47,35,100,35,96,95,96,95,0,0,0,818
Donovan,Sayers,49,RB,68,185,25,7,None,0,35,43,35,60,87,35,35,35,35,100,35,35,35,35,35,0,0,0,819
Bonzo,Lluellen,47,RB,74,235,25,7,None,0,59,35,35,83,59,35,44,35,49,100,35,35,35,35,35,0,0,0,820
Steven,Donovan,7,CB,72,180,25,7,None,3,43,62,35,88,80,35,35,35,60,100,42,35,35,35,35,0,0,0,821
Alex,Moran,7,QB,72,190,25,7,None,0,35,35,70,36,35,65,35,35,68,100,35,35,35,35,35,0,0,0,822
Jordan,Jones,8,QB,76,220,25,6,None,0,35,40,51,68,35,70,35,35,66,100,35,35,35,35,35,0,0,0,823
Vincent,"van Boom",57,LB,76,250,25,7,None,0,70,35,35,82,35,35,35,35,38,100,35,35,35,35,35,0,0,0,824
"Kevin 'Thad'",Castle,54,LB,75,245,25,7,None,0,65,36,35,81,35,35,35,35,35,100,55,35,35,35,35,0,0,0,825
Tachyon,Lumonisity,23,RB,73,210,25,7,None,0,44,36,35,80,59,35,35,35,39,100,35,35,35,35,35,0,0,0,826
Terry,Fitzgerald-Crews,13,WR,72,205,25,7,None,0,39,49,35,78,59,35,35,35,35,100,35,35,35,35,35,0,0,0,827
Hingle,McCringleberry,87,QB,74,200,25,7,None,0,35,35,49,60,35,68,35,35,60,100,35,35,35,35,35,0,0,0,828
Avery,"Saint Sebastian",77,LB,72,225,25,7,None,0,45,60,35,70,40,35,35,35,45,100,55,35,35,35,35,0,0,0,829
Jed,Smith,23,WR,72,210,25,7,None,0,35,35,35,75,64,35,35,35,35,100,35,35,35,35,35,0,0,0,830
Tyroil,Smoochie-Wallace,24,CB,73,210,25,7,None,0,35,50,35,74,44,35,35,35,35,100,56,35,35,35,35,0,0,0,831
"Mickhael-Engelo 'Mick-E'",Mowce,17,WR,72,167,25,7,None,0,35,59,35,68,59,35,35,35,35,100,35,35,35,35,35,0,0,0,832
Lawrence,King,54,LB,75,250,25,7,None,0,60,42,35,70,35,35,35,35,35,100,50,35,35,35,35,0,0,0,834
Marcus,King,28,RB,71,230,25,7,None,0,55,59,35,64,35,35,35,35,44,100,35,35,35,35,35,0,0,0,835
"Dwayne 'Money'",Hands,23,FS,73,205,25,7,None,0,35,40,35,55,40,35,35,35,40,100,50,35,35,35,35,0,0,0,836
Ken,Dick,44,CB,72,200,25,7,None,0,35,64,35,35,35,35,35,35,35,100,35,35,35,35,35,0,0,0,837
Justin,Wilson,11,QB,76,225,25,7,None,0,35,35,40,44,35,49,35,35,49,100,35,35,35,35,35,0,0,0,838
Malik,Al-Jameer,55,LB,74,230,25,7,None,0,35,40,35,50,35,35,35,35,50,100,45,35,35,35,35,0,0,0,839
Kurt,Payton,84,WR,71,185,25,7,None,0,35,39,37,49,44,35,35,35,44,100,35,35,35,35,35,0,0,0,840
Alfonzo,Holland,95,LB,75,235,25,7,None,0,40,40,35,48,35,35,35,35,40,100,50,35,35,35,35,0,0,0,841
Passinter,Ference,34,CB,72,192,25,7,None,0,35,45,35,45,45,35,35,35,35,100,35,35,35,35,35,0,0,0,842
Bradley,Casper,30,RB,74,199,25,7,None,0,39,39,35,49,39,35,35,35,35,100,35,35,35,35,35,0,0,0,843
Matty,Thomas,16,WR,76,220,25,3,None,0,38,62,35,90,90,50,35,35,52,100,35,35,35,35,35,0,0,0,844
Rhine,Ceros,91,LB,74,220,25,2,None,7,51,51,35,80,40,35,35,35,51,100,50,35,35,35,35,0,0,0,845
Cheet,Anh,22,RB,73,210,25,3,None,7,40,52,35,85,50,35,35,35,35,100,35,35,35,35,35,0,0,0,846
Violent,E,99,LB,77,250,25,2,None,3,60,55,35,90,40,35,35,35,50,100,69,35,35,35,35,0,0,0,847
Handsome,Jack,1,QB,78,208,25,2,None,0,35,35,75,35,35,87,35,35,86,100,35,35,35,35,35,0,0,0,848
Leo,Baker,77,SS,72,190,25,3,None,2,70,80,35,99,70,35,35,35,65,100,50,35,35,35,35,0,0,0,849
Clap,Trap,4,RB,72,200,25,3,None,4,70,75,35,100,75,35,35,35,70,100,35,35,35,35,35,0,0,0,850
Julius,Terrafrom,10,QB,75,200,25,2,None,0,35,35,70,39,35,70,35,35,70,100,35,35,35,35,35,0,0,0,851
Blurriest,Freeman,25,LB,77,250,25,2,None,0,62,62,35,80,35,35,35,35,37,100,35,35,35,35,35,0,0,0,852
Ernis,Pailons,27,FB,75,245,25,2,None,0,51,35,35,70,35,35,36,35,35,100,35,35,35,35,35,0,0,0,853
Laimonis,Susla,35,FS,69,193,25,2,None,0,40,35,35,65,35,35,35,35,42,100,55,35,35,35,35,0,0,0,854
Prime,Time,21,CB,70,190,25,3,None,5,55,60,35,81,71,35,35,35,63,100,64,35,35,35,35,0,0,0,855
Hobo,Jackson,22,RB,69,185,25,3,None,5,71,69,35,86,60,35,35,38,53,100,35,35,35,35,35,0,0,0,856
D'Angelo,Foz,13,WR,72,198,25,2,None,0,35,53,35,53,53,35,35,35,41,100,35,35,35,35,35,0,0,0,857
Malik,Jang,66,LB,77,250,25,2,None,0,54,35,35,65,35,35,35,35,35,100,35,35,35,35,35,0,0,0,858
Tido,Jimbo,35,WR,70,180,25,2,None,0,35,35,35,64,36,35,35,35,35,100,35,35,35,35,35,0,0,0,859
Hiya,Jimbo,35,SS,70,190,25,2,None,0,35,35,35,64,36,35,35,35,35,100,35,35,35,35,35,0,0,0,860
Robert,Wise,8,QB,74,205,25,2,None,0,35,35,44,40,35,54,35,35,48,100,35,35,35,35,35,0,0,0,861
Hollis,Jackson,11,TE,78,250,25,2,None,0,50,40,35,42,41,35,51,40,38,100,35,35,35,35,35,0,0,0,862
Lou,Shox,27,CB,72,199,25,2,None,7,50,72,35,98,61,35,35,35,80,100,50,35,35,35,35,0,0,0,863
Buff,Beav,19,TE,73,235,25,2,None,0,50,35,35,67,50,35,40,35,35,100,35,35,35,35,35,0,0,0,864
Terry,Tate,56,LB,75,250,25,2,None,0,36,35,35,66,35,35,40,35,40,100,56,35,35,35,35,0,0,0,865
Deiondre,Colt,58,LB,77,255,25,3,None,2,70,90,35,90,70,35,35,35,62,100,70,35,35,35,35,0,0,0,866
LaVar,Jebaseelan,99,LB,77,250,25,3,None,8,91,75,35,90,60,35,35,35,55,100,81,35,35,35,35,0,0,0,867
"Tee Pee",E.,97,LB,74,240,25,2,None,0,70,69,35,90,35,35,35,35,50,100,50,35,35,35,35,0,0,0,868
Vivian,Allison,31,CB,72,170,25,3,None,1,74,70,35,100,85,35,35,35,80,100,50,35,35,35,35,0,0,0,869
Jeffrey,Beaumont,33,SS,72,215,25,3,None,1,80,82,35,98,70,35,35,35,70,100,78,35,35,35,35,0,0,0,870
Baker,Blade,23,LB,72,220,25,3,None,6,80,70,35,100,50,35,35,35,70,100,60,35,35,35,35,0,0,0,871
Jan,Itor,69,TE,74,240,25,2,None,0,51,35,35,92,78,35,35,35,35,100,35,35,35,35,35,0,0,0,872
Eric,Tyson,52,LB,73,230,25,2,None,0,41,35,35,64,35,35,35,35,35,100,35,35,35,35,35,0,0,0,873
"Ay Pee",E,89,TE,74,235,25,2,None,6,60,50,35,80,80,35,39,39,35,100,35,35,35,35,35,0,0,0,874
Hiroki,Renomitsu,22,CB,72,185,25,6,None,6,50,95,35,100,93,35,35,35,90,100,50,35,35,35,35,0,0,0,875
Teppei,Renomitsu,7,QB,74,200,25,6,None,4,35,50,93,60,35,99,35,35,99,100,35,35,35,35,35,0,0,0,876
Amina,Gunner,83,LB,74,220,25,6,None,7,80,90,35,100,75,35,35,35,75,100,80,35,35,35,35,0,0,0,877
Calle,Colt,81,WR,74,205,25,6,None,2,80,95,35,93,96,35,35,35,74,100,35,35,35,35,35,0,0,0,878
Harry,"King Jr",11,WR,72,200,25,6,None,6,35,76,35,98,85,35,35,35,37,100,35,36,35,36,35,0,0,0,879
Tommy,Cannon,59,LB,77,250,25,6,None,8,90,50,35,90,36,35,35,35,50,100,88,35,35,35,35,0,0,0,880
Lee,Chong,99,LB,77,265,25,6,None,5,85,70,35,90,65,35,35,35,50,100,75,35,35,35,35,0,0,0,881
Victor,"Von Vanmort",75,RB,71,185,25,6,None,0,63,70,35,88,70,35,35,35,51,100,35,35,35,35,35,0,0,0,882
DeShaun,Marion,77,K,69,175,25,6,None,0,35,35,35,55,35,35,35,35,50,100,35,99,99,99,99,0,0,0,883
Wayne,Howerynough,88,WR,76,225,25,6,None,0,54,55,35,80,72,35,35,35,47,100,35,35,35,35,35,0,0,0,884
Delta,Night,10,WR,76,225,25,6,None,6,40,50,35,80,80,35,35,35,35,100,35,35,35,35,35,0,0,0,885
Bruce,Brucie,99,K,73,210,25,6,None,0,35,35,35,35,35,35,35,35,39,100,35,81,81,81,81,0,0,0,886
Cody,Smith,3,K,71,225,25,6,None,3,35,35,35,35,35,35,35,35,42,100,35,94,93,94,93,0,0,0,887
Captain,Larval,29,CB,72,200,25,6,None,0,39,41,35,85,56,35,35,35,47,100,42,35,35,35,35,0,0,0,888
Derek,Bigblack,56,LB,74,240,25,6,None,0,60,35,35,81,35,35,35,35,35,100,35,35,35,35,35,0,0,0,889
Jay,"Jackson III",83,WR,70,190,25,6,None,0,35,49,35,75,60,35,35,35,40,100,35,35,35,35,35,0,0,0,890
Hugh,Jassole,81,WR,74,210,25,6,None,0,35,35,35,60,69,35,43,35,58,100,35,35,35,35,35,0,0,0,891
Donald,Stewart,52,LB,77,245,25,5,None,0,40,37,35,68,35,35,35,35,35,100,70,35,35,35,35,0,0,0,892
Stan,Francisco,9,CB,72,170,25,6,None,0,48,50,35,60,50,35,35,35,35,100,50,35,35,35,35,0,0,0,893
Julian,O'Sullivan,90,TE,74,235,25,6,None,0,35,50,35,68,50,35,35,35,35,100,35,35,35,35,35,0,0,0,896
Noah,"Hartmann III",42,TE,73,232,25,6,None,0,40,35,35,69,49,35,35,35,40,100,35,35,35,35,35,0,0,0,897
Will,Austin,21,FS,74,220,25,6,None,0,40,45,35,55,41,35,35,35,51,100,40,35,35,35,35,0,0,0,898
Grant,Austin,15,QB,76,220,25,6,None,0,37,40,37,50,45,50,35,35,47,100,35,35,35,35,35,0,0,0,899
Little,Mac,22,SS,74,220,25,6,None,0,50,50,35,52,35,35,35,35,36,100,35,35,35,35,35,0,0,0,900
Cornelius,Clifford,20,CB,71,190,25,6,None,0,35,40,35,52,50,35,35,35,35,100,40,35,35,35,35,0,0,0,901
Cody,Parkey,3,K,69,197,25,6,None,0,35,35,35,35,35,35,35,35,35,100,35,52,51,52,51,0,0,0,902
Bo,Ford,52,LB,74,230,25,6,None,0,35,45,35,35,40,35,35,35,45,100,40,35,35,35,35,0,0,0,903
Daniel,Monroe,44,TE,74,235,25,6,None,0,40,40,35,40,45,35,40,35,35,100,35,35,35,35,35,0,0,0,904
Ben,Out,11,CB,69,170,25,6,None,0,35,35,35,50,40,35,35,35,40,100,40,35,35,35,35,0,0,0,905
Khalid,Mazhar,14,WR,70,190,25,6,None,0,45,35,35,40,45,35,35,35,40,100,35,35,35,35,35,0,0,0,906
Kay,Edwards,1,K,75,202,25,6,None,0,35,35,35,35,35,35,35,35,35,100,35,46,52,46,52,0,0,0,907
Hulk,Hogan,25,WR,68,165,25,6,None,0,35,40,35,45,50,35,35,35,35,100,35,35,35,35,35,0,0,0,908
Hannah-Bell,Lecter,28,CB,72,205,25,2,None,0,40,36,35,72,52,35,35,35,35,100,35,35,35,35,35,0,0,0,909
Jalen,Fleck,20,CB,71,199,25,2,None,6,50,70,35,90,80,35,35,35,73,100,35,35,35,35,35,0,0,0,910
Wang,Bobbery,54,LB,77,250,25,2,None,0,36,35,35,57,35,35,35,35,35,100,35,35,35,35,35,0,0,0,911
Ja,LongArm,12,QB,77,220,25,2,None,6,35,35,81,35,35,90,35,35,90,100,35,35,35,35,35,0,0,0,912
Pharaoh,Aardvark,24,CB,72,205,25,1,None,0,50,80,35,92,70,35,35,35,70,100,35,35,35,35,35,0,0,0,420
Himalaya,Griffintown,85,TE,76,240,25,3,None,5,80,90,35,95,90,35,65,60,35,100,35,35,35,35,35,0,0,0,913
Victor,Frost,52,LB,77,246,25,1,None,0,51,35,35,75,35,35,35,35,35,100,49,35,35,35,35,0,0,0,422
Jimothy,Johnson,11,WR,72,200,25,1,None,0,35,40,35,77,54,35,35,35,35,100,35,35,35,35,35,0,0,0,423
Damien,Wolfe,17,WR,72,170,25,1,None,0,35,35,35,80,63,35,35,35,35,100,35,35,35,35,35,0,0,0,424
DeAndre,Wolfe,33,SS,72,190,25,1,None,0,35,35,35,79,40,35,35,35,40,100,40,35,35,35,35,0,0,0,425
"Micheal Laurent",Levine,33,FS,71,195,25,1,None,0,35,70,35,80,60,35,35,35,47,100,50,35,35,35,35,0,0,0,426
Tighest,End,45,TE,75,250,25,2,None,0,60,35,35,65,50,35,35,35,35,100,35,35,35,35,35,0,0,0,914
Evan,Clayton,88,WR,70,190,25,2,None,0,35,40,35,61,50,35,35,35,35,100,35,35,35,35,35,0,0,0,915
Smitty,Werbenjagermanjensen,1,RB,72,210,25,1,None,0,35,35,35,78,70,35,35,35,35,100,35,35,35,35,35,0,0,0,427
Gorgon,Gordon,34,LB,72,220,25,1,None,7,35,59,35,81,60,35,35,35,35,100,60,35,35,35,35,0,0,0,428
Deep,Golding,77,WR,72,200,25,1,None,3,35,61,35,85,80,35,35,35,35,100,35,35,35,35,35,0,0,0,429
Deity,IsShort,58,FS,74,220,25,2,None,7,42,35,35,84,71,35,35,35,35,100,44,35,35,35,35,0,0,0,916
Jabari,Spalding,40,LB,74,229,25,1,None,0,70,51,35,89,65,35,35,35,55,100,60,35,35,35,35,0,0,0,430
Gustav,PalpaTurner,50,LB,74,220,25,2,None,6,80,80,35,92,62,35,35,35,85,100,85,35,35,35,35,0,0,0,917
Apollo,King,47,RB,73,210,25,2,None,3,80,82,35,90,75,35,35,35,70,100,35,35,35,35,35,0,0,0,918
Clinton,King,91,LB,77,244,25,2,None,3,80,70,35,90,71,35,35,35,65,100,70,35,35,35,35,0,0,0,919
Quentin,Barnes,42,FB,74,280,25,1,None,0,85,35,35,65,49,35,51,35,35,100,35,35,35,35,35,0,0,0,431
Jadeveon,Pierre-Creek,86,WR,76,225,25,1,None,0,50,60,35,77,77,35,35,35,35,100,35,35,35,35,35,0,0,0,432
Dale,Cooper,22,RB,73,185,25,2,None,1,55,89,35,100,72,35,35,35,60,100,35,35,35,35,35,0,0,0,920
Willy,Stroker,11,CB,72,200,25,1,None,0,35,35,35,76,35,35,35,35,36,100,35,35,35,35,35,0,0,0,433
Mecha,Steiner,57,LB,77,250,25,2,None,8,89,60,35,81,35,35,35,35,39,100,69,35,35,35,35,0,0,0,921
Ja,Walker-Santos,84,WR,76,220,25,2,None,7,35,70,35,90,86,35,35,35,38,100,35,35,35,35,35,0,0,0,922
Vontae,Mack,50,LB,72,225,25,1,None,0,57,35,35,87,35,35,35,35,36,100,35,35,35,35,35,0,0,0,434
Gus,Bus,35,RB,73,210,25,1,None,1,35,35,35,74,50,35,35,35,35,100,35,35,35,35,35,0,0,0,435
M,omgitshi,12,WR,76,225,25,1,None,0,35,41,35,70,57,35,35,35,35,100,35,35,35,35,35,0,0,0,436
Cheeks,McIntyre,28,RB,69,200,25,1,None,7,48,67,35,98,52,35,35,35,40,100,35,35,35,35,35,0,0,0,437
Hoyt,Bottomley,4,K,75,209,25,1,None,8,35,35,35,35,35,35,35,35,35,100,35,61,69,61,69,0,0,0,438
Taktischer,Vorschlaghammer,12,WR,76,240,25,5,None,1,99,82,35,93,95,35,35,35,70,100,35,35,35,35,35,0,0,0,923
Zane,Montgomery,29,CB,72,200,25,5,None,4,70,90,35,100,93,35,35,35,98,100,53,35,35,35,35,0,0,0,924
Peter,"La Fleur",17,QB,78,255,25,5,None,7,50,50,100,64,35,93,35,35,98,100,35,35,35,35,35,0,0,0,925
Kip,Silver,86,TE,74,245,25,5,None,8,80,88,35,97,87,35,35,35,85,100,35,35,35,35,35,0,0,0,926
Vince,Carswell,10,QB,76,220,25,5,None,1,35,55,93,60,35,98,35,35,96,100,35,35,35,35,35,0,0,0,927
Richaun,Hamilton,2,CB,72,211,25,5,None,6,80,70,35,99,81,35,35,35,83,100,50,35,35,35,35,0,0,0,928
Riley,Carswell,8,CB,70,195,25,5,None,0,80,80,35,97,85,35,35,35,80,100,70,35,35,35,35,0,0,0,929
Frank,Funk,13,WR,72,200,25,5,None,8,80,85,35,97,80,35,35,35,50,100,35,35,35,35,35,0,0,0,930
Rayz,Funk,99,LB,77,250,25,5,None,8,85,85,35,93,60,35,35,35,60,100,80,35,35,35,35,0,0,0,931
Steven,Stiffland,58,LB,75,250,25,5,None,0,85,70,35,90,35,35,35,35,35,100,71,35,35,35,35,0,0,0,932
Jeff,Downey,88,WR,76,215,25,5,None,3,81,80,35,90,90,35,35,35,80,100,35,35,35,35,35,0,0,0,933
John,Tweedy,52,LB,76,240,25,5,None,0,90,45,35,90,35,35,35,35,35,100,45,35,35,35,35,0,0,0,934
Jarius,"St. Pierre",22,CB,72,190,25,5,None,7,35,80,35,95,85,35,35,35,85,100,65,35,35,35,35,0,0,0,935
Dropstar,Fromtable,1,QB,76,220,25,5,None,0,35,35,74,50,35,74,35,35,73,100,35,35,35,35,35,0,0,0,936
Sho,Itou,33,SS,72,190,25,5,None,5,75,70,35,89,75,35,35,35,55,100,75,35,35,35,35,0,0,0,937
Bellamy,Blake,22,RB,72,210,25,5,None,0,35,35,35,91,51,35,35,35,35,100,35,35,35,35,35,0,0,0,939
Matt,LeSiege,7,QB,78,237,25,5,None,0,36,35,69,45,36,70,35,35,70,100,35,35,35,35,35,0,0,0,941
Frogman,Starbing,23,SS,73,210,25,5,None,0,45,50,35,82,50,35,35,35,49,100,50,35,35,35,35,0,0,0,942
Henry,Hill,55,LB,77,260,25,5,None,0,69,51,35,72,35,35,35,35,45,100,60,35,35,35,35,0,0,0,943
Tormund,Giantsbane,33,FS,74,225,25,5,None,0,50,50,35,87,36,35,35,35,53,100,35,35,35,35,35,0,0,0,944
Jebediah,Cromwell,84,TE,78,260,25,5,None,0,73,40,35,68,61,35,50,35,37,100,35,35,35,35,35,0,0,0,945
Kurt,Martins,54,LB,75,240,25,5,None,0,70,53,35,85,50,35,35,35,50,100,50,35,35,35,35,0,0,0,946
Robert,Hunter,38,FB,72,240,25,5,None,7,91,50,35,90,59,35,80,71,52,100,35,35,35,35,35,0,0,0,947
Jordan,Sterling,89,TE,74,235,25,5,None,0,50,46,35,88,73,35,50,35,40,100,35,35,35,35,35,0,0,0,948
Jimmy,Numbers,44,RB,72,210,25,5,None,0,50,37,35,85,38,35,35,35,35,100,35,35,35,35,35,0,0,0,949
"Old Man",John,34,FS,73,190,25,5,None,0,35,42,35,72,55,35,35,35,40,100,48,35,35,35,35,0,0,0,951
Blaze,Bashford,12,LB,77,255,25,5,None,0,38,35,35,77,35,35,35,35,35,100,35,35,35,35,35,0,0,0,952
Nick,Nichols,88,TE,77,240,25,5,None,0,45,35,35,58,66,35,35,35,35,100,35,35,35,35,35,0,0,0,954
Caleb,Caspian,7,WR,76,220,25,5,None,0,35,35,35,71,40,35,35,35,35,100,35,35,35,35,35,0,0,0,956
Joe,Quick,27,RB,70,195,25,5,None,0,35,50,35,58,35,35,35,35,51,100,35,35,35,35,35,0,0,0,957
Philip,Moore,87,TE,73,227,25,5,None,0,45,35,35,57,45,35,40,40,35,100,35,35,35,35,35,0,0,0,958
Barron,Sami,68,LB,74,230,25,5,None,0,40,35,35,62,35,35,35,35,43,100,35,35,35,35,35,0,0,0,959
Nicholas,Rowe,88,TE,74,230,25,5,None,0,36,35,35,65,35,35,35,35,35,100,35,35,35,35,35,0,0,0,960
Speedy,"Van Dutch",2,WR,74,195,25,5,None,0,35,41,35,53,51,35,35,35,36,100,35,35,35,35,35,0,0,0,961
Biggs,Backer,89,LB,77,250,25,5,None,0,53,35,35,51,35,35,35,35,35,100,35,35,35,35,35,0,0,0,962
Mark,Holmes,12,K,68,170,25,5,None,0,35,35,35,35,35,35,35,35,41,100,35,42,55,42,55,0,0,0,963
Koda,Adok,19,WR,70,183,25,5,None,0,40,40,35,50,48,35,35,35,35,100,35,35,35,35,35,0,0,0,964
Adam,Shield,36,LB,73,233,25,5,None,0,50,35,35,41,35,35,35,35,35,100,50,35,35,35,35,0,0,0,965
Nathan,Hammer,43,SS,74,207,25,5,None,0,40,42,35,41,35,35,35,35,42,100,40,35,35,35,35,0,0,0,968
Maximilian,Archibald,15,WR,72,210,25,5,None,0,40,35,35,50,45,35,35,35,35,100,35,35,35,35,35,0,0,0,969
Lionel,Boyce,11,LB,77,250,25,5,None,0,36,35,35,35,35,35,35,35,35,100,57,35,35,35,35,0,0,0,970
J.J.,Machuga,80,TE,74,235,25,5,None,0,35,35,35,57,36,35,35,35,35,100,35,35,35,35,35,0,0,0,971
Ian,Groot,3,RB,69,195,25,5,None,0,35,45,35,45,40,35,35,35,40,100,35,35,35,35,35,0,0,0,972
"John Jerry","Machuga III",71,CB,74,210,25,5,None,0,36,35,35,57,35,35,35,35,35,100,35,35,35,35,35,0,0,0,973
Close,Line,24,QB,75,200,25,5,None,0,35,35,35,36,35,57,35,35,35,100,35,35,35,35,35,0,0,0,974
Henry,Tennent,31,RB,72,210,25,5,None,0,48,42,35,45,35,35,35,35,35,100,35,35,35,35,35,0,0,0,975
Mike,Harris,1,FB,75,280,25,1,None,0,40,35,35,55,35,35,60,60,35,100,35,35,35,35,35,0,0,0,439
Alex,Allen,15,WR,74,197,25,1,None,0,35,35,35,56,50,35,35,35,35,100,35,35,35,35,35,0,0,0,440
Butter,Fingers,27,WR,72,186,25,1,None,0,53,60,35,90,80,35,35,35,55,100,35,35,35,35,35,0,0,0,441
Mizzed,Tackle,62,FS,73,210,25,2,None,4,65,56,40,92,75,35,50,50,40,100,70,35,35,35,35,0,0,0,977
Antoine,Jeffries,88,TE,77,240,25,1,None,0,35,35,35,60,65,35,35,35,50,100,35,35,35,35,35,0,0,0,443
Kicker,McKicking,37,K,67,150,25,1,None,1,35,35,35,35,35,35,35,35,40,100,35,81,81,81,81,0,0,0,444
Reggie,Taylor,81,WR,70,194,25,1,None,0,35,43,35,70,53,35,35,35,40,100,35,35,35,35,35,0,0,0,445
Vernon,Harris,57,SS,74,210,25,1,None,0,42,35,35,80,35,35,35,35,35,100,35,35,35,35,35,0,0,0,447
Apollo,Cross,85,TE,74,235,25,1,None,0,60,35,35,80,56,35,50,50,40,100,35,35,35,35,35,0,0,0,448
Jayson,Cross,24,CB,72,200,25,1,None,0,40,55,35,82,55,35,35,35,45,100,35,35,35,35,35,0,0,0,449
Cedrik,Eevee,14,QB,78,240,25,2,None,5,35,35,80,35,35,85,35,35,90,100,35,35,35,35,35,0,0,0,978
Diana,"Saurus Rex",22,FS,72,200,25,1,None,0,35,36,35,75,38,35,35,35,35,100,35,35,35,35,35,0,0,0,450
Margaret,McPoyle,28,RB,73,210,25,2,None,8,53,89,35,99,70,35,35,35,35,100,35,35,35,35,35,0,0,0,979
Tre'Von,Nailor,25,WR,72,200,25,1,None,0,40,41,35,72,71,35,35,35,35,100,35,35,35,35,35,0,0,0,451
Kermit,McCommunism,17,WR,75,194,25,1,None,0,35,44,35,52,51,35,35,35,35,100,35,35,35,35,35,0,0,0,452
Thomas,"Wretcher Jr.",39,CB,71,189,25,1,None,0,35,42,35,42,52,35,35,35,42,100,35,35,35,35,35,0,0,0,454
Jamal,Kingston,37,WR,69,195,25,1,None,0,35,41,35,50,50,35,35,35,35,100,35,35,35,35,35,0,0,0,456
Stephen,Hawking,89,WR,70,165,25,1,None,0,35,35,35,35,36,35,35,35,59,100,35,35,35,35,35,0,0,0,458
Will,Hemakeit,11,RB,72,200,25,1,None,0,50,70,35,95,50,35,35,35,50,100,35,35,35,35,35,0,0,0,459
Jarvis,Taylor,52,LB,73,230,25,1,None,1,70,60,35,85,35,35,35,35,59,100,60,35,35,35,35,0,0,0,460
Taco,Thursday,87,WR,70,180,25,1,None,0,35,39,35,57,58,35,35,35,39,100,35,35,35,35,35,0,0,0,461
Burger,King,57,LB,77,250,25,1,None,0,36,35,35,66,35,35,35,35,35,100,49,35,35,35,35,0,0,0,462
"Kam Bam",Chancellor,31,WR,74,210,25,1,None,6,35,56,35,90,80,35,35,35,50,100,35,35,35,35,35,0,0,0,464
Pengu,Lee,12,QB,72,185,25,2,None,0,35,49,70,50,35,90,35,35,90,100,35,35,35,35,35,0,0,0,980
Sammo,Waddlesworth,13,LB,74,230,25,2,None,5,80,75,35,90,59,35,35,35,50,100,70,35,35,35,35,0,0,0,981
Tom,Esau,33,SS,75,220,25,1,None,3,50,35,35,70,40,35,35,35,35,100,50,35,35,35,35,0,0,0,467
TurnerReplace,MeTest,1,QB,72,210,25,5,None,0,35,35,35,35,35,35,35,35,35,100,35,35,35,35,35,0,0,0,982
Henry,McDolin,10,WR,72,200,25,2,None,6,75,75,35,93,85,35,35,35,50,100,35,35,35,35,35,0,0,0,983
Doctor,Dog,1,TE,74,235,25,1,None,0,35,35,35,60,36,35,35,35,35,100,35,35,35,35,35,0,0,0,472
El,Barto,15,SS,70,210,25,1,None,0,35,35,35,60,36,35,35,35,35,100,35,35,35,35,35,0,0,0,473
Taylen,Branch,71,QB,75,200,25,1,None,0,35,38,60,42,35,72,35,35,72,100,35,35,35,35,35,0,0,0,474
Johnny,Blaze,13,SS,74,190,25,1,None,1,65,54,35,90,50,35,35,35,50,100,50,35,35,35,35,0,0,0,477
Andy,Mortenson,19,K,75,230,25,1,None,0,35,35,35,35,35,35,35,35,36,100,35,87,87,87,87,0,0,0,479
Jay,Cue,20,CB,72,200,25,1,None,7,50,69,35,85,75,35,35,35,70,100,50,35,35,35,35,0,0,0,489
Mowanabe,Bad,9,K,72,165,25,4,None,7,35,35,35,35,35,35,35,35,35,100,35,101,100,101,100,0,0,0,984
Oscar,Jebaseelan,2,RB,72,210,25,4,None,6,60,92,35,100,85,35,35,35,70,100,35,35,35,35,35,0,0,0,985
Easton,West,6,LB,75,250,25,4,None,1,95,60,35,90,40,35,40,40,60,100,85,35,35,35,35,0,0,0,986
Mikey,"2 Dope",21,CB,72,200,25,4,None,1,50,80,35,100,93,35,35,35,80,100,35,35,35,35,35,0,0,0,987
Omgits,DaddyTurner,1,QB,77,210,25,4,None,3,35,35,93,60,35,95,35,35,94,100,35,35,35,35,35,0,0,0,988
"Honey Bear",Lanier,63,LB,75,230,25,4,None,0,80,35,35,84,50,35,35,35,65,100,70,35,35,35,35,0,0,0,989
Sticky,Hands,89,WR,72,190,25,4,None,0,35,71,35,84,83,35,35,35,58,100,35,35,35,35,35,0,0,0,990
Rock,Lemington,51,LB,74,220,25,4,None,0,80,76,35,92,50,35,35,35,76,100,65,35,35,35,35,0,0,0,991
Jackie,Bands,26,CB,72,199,25,4,None,8,35,93,35,97,80,35,37,37,80,100,40,35,35,35,35,0,0,0,992
Hunter,Higgins,25,SS,73,190,25,4,None,1,80,75,35,95,75,35,35,35,70,100,50,35,35,35,35,0,0,0,993
Tyson,Kelly,22,RB,72,205,25,4,None,7,78,80,35,95,83,35,35,35,50,100,35,35,35,35,35,0,0,0,994
Brian,Gesicki,88,RB,70,200,25,4,None,2,70,90,35,96,71,35,35,35,72,100,35,35,35,35,35,0,0,0,995
Cody,Sackett,24,LB,75,235,25,4,None,0,85,35,35,86,35,35,35,35,58,100,68,35,35,35,35,0,0,0,996
Lorrence,Longfingers,13,WR,76,230,25,4,None,0,35,70,35,90,84,35,35,35,35,100,35,35,35,35,35,0,0,0,997
Mat,Tocco,19,WR,73,223,25,4,None,0,50,70,35,90,85,35,35,35,50,100,35,35,35,35,35,0,0,0,998
Ryo,Hazuki,23,CB,70,185,25,4,None,0,50,76,35,85,72,35,35,35,50,100,70,35,35,35,35,0,0,0,999
Antonio,Gonzalez,18,TE,74,235,25,4,None,1,70,80,35,100,77,35,60,60,35,100,35,35,35,35,35,0,0,0,1000
Jugga,Nano,47,FS,74,210,25,4,None,6,70,35,35,100,70,35,35,35,70,100,65,35,35,35,35,0,0,0,1001
Squaliforme,Chondrichthyes,17,CB,73,200,25,4,None,0,35,56,35,86,56,35,35,35,57,100,35,35,35,35,35,0,0,0,1002
Santa,Claus,47,SS,75,220,25,4,None,0,40,35,35,90,50,35,35,35,50,100,35,35,35,35,35,0,0,0,1003
Travis,Choybuk,77,WR,70,190,25,3,None,8,60,60,35,90,89,35,35,35,50,100,35,35,35,35,35,0,0,0,1004
Mum-O,Killowe,93,LB,77,240,25,4,None,7,92,70,35,90,60,35,35,35,62,100,50,35,35,35,35,0,0,0,1005
Marcus,Wolfe,13,WR,72,205,25,4,None,0,50,51,35,67,60,35,35,35,35,100,35,35,35,35,35,0,0,0,1006
Justin,McAvoy,47,LB,77,255,25,4,None,0,51,35,35,69,51,35,35,35,35,100,52,35,35,35,35,0,0,0,1007
Convection,Oven,43,CB,72,200,25,4,None,0,37,36,35,78,36,35,35,35,35,100,35,35,35,35,35,0,0,0,1008
DeMarco,Strike,13,QB,77,240,25,4,None,0,35,35,56,35,35,56,35,35,58,100,35,35,35,35,35,0,0,0,1009
Marc,Strike,13,FS,72,200,25,4,None,0,37,36,35,71,35,35,35,35,35,100,35,35,35,35,35,0,0,0,1010
Kelvin,Coleman,54,LB,77,250,25,4,None,0,35,35,35,65,35,35,35,35,35,100,50,35,35,35,35,0,0,0,1011
Santiago,Amaya-Pierce,11,WR,75,220,25,4,None,0,40,44,35,55,55,35,35,35,35,100,35,35,35,35,35,0,0,0,1012
Len,Rivera,22,FS,72,200,25,4,None,0,50,35,35,54,35,35,35,35,36,100,55,35,35,35,35,0,0,0,1013
Dennis,Taylor,56,LB,74,237,25,4,None,0,50,36,35,62,38,35,35,35,35,100,38,35,35,35,35,0,0,0,1014
"S Dot",Speedster,10,WR,72,200,25,4,None,0,35,35,35,69,35,35,35,35,36,100,35,35,35,35,35,0,0,0,1015
Sylvester,"Pussycat Sr.",2,K,75,175,25,4,None,0,35,35,35,35,35,35,35,35,35,100,35,62,37,62,37,0,0,0,1016
Alex,Indra,14,WR,71,192,25,4,None,0,35,38,35,54,43,35,36,35,38,100,35,35,35,35,35,0,0,0,1017
Boone,Jenton,16,WR,75,215,25,4,None,0,35,45,35,45,45,35,35,35,35,100,35,35,35,35,35,0,0,0,1018
Steely,Mannschaft,47,TE,73,230,25,4,None,0,35,35,35,50,50,35,35,35,35,100,35,35,35,35,35,0,0,0,1019
Dexter,Dawkins,3,QB,72,193,25,4,None,0,35,41,39,50,35,40,35,35,35,100,35,35,35,35,35,0,0,0,1020
Ray,Flower,42,K,69,230,25,4,None,0,35,35,35,35,35,35,35,35,35,100,35,57,36,57,36,0,0,0,1021
Johnathan,Dextrious,23,RB,68,209,25,4,None,0,35,40,35,50,45,35,35,35,35,100,35,35,35,35,35,0,0,0,1022
Notakeda,Okura,54,LB,72,234,25,4,None,0,35,35,35,55,35,35,35,35,35,100,40,35,35,35,35,0,0,0,1023
Dan,Rushmore,40,TE,77,240,25,4,None,0,35,40,35,50,35,35,45,35,35,100,35,35,35,35,35,0,0,0,1024
Jay,Rice,24,RB,71,215,25,4,None,0,45,40,35,43,37,35,36,37,37,100,35,35,35,35,35,0,0,0,1025
Latrell,McCutchin,10,WR,72,188,25,4,None,0,40,40,35,50,40,35,35,35,35,100,35,35,35,35,35,0,0,0,1026
Walter,"Dixon III",18,WR,74,210,25,4,None,0,35,35,35,52,46,35,35,35,35,100,35,35,35,35,35,0,0,0,1027
Kendrix,"Hens IV",14,WR,71,175,25,4,None,0,35,35,35,44,53,35,35,35,35,100,35,35,35,35,35,0,0,0,1028
Patrick,Ryan,52,LB,74,235,25,4,None,0,40,40,35,40,35,35,35,35,40,100,45,35,35,35,35,0,0,0,1029
Christian,Guerra,50,LB,76,240,25,4,None,0,43,37,35,38,35,35,35,35,40,100,47,35,35,35,35,0,0,0,1030
Derby,McClelland,21,CB,72,188,25,3,None,5,35,90,35,90,61,35,35,35,52,100,40,35,35,35,35,0,0,0,1031
Schitt,Brickhouse,22,RB,74,230,25,1,None,0,83,78,35,90,47,35,35,35,35,100,35,35,35,35,35,0,0,0,505
Jaxon,Saxon,56,LB,77,255,25,1,None,6,85,70,35,90,41,35,35,35,50,100,50,35,35,35,35,0,0,0,506
Gustav,ManCheetah,4,QB,76,240,25,1,None,8,40,40,85,44,35,89,35,35,86,100,35,35,35,35,35,0,0,0,524
James,Boxman,71,FS,73,210,25,1,None,2,70,70,35,91,60,35,35,35,70,100,35,35,35,35,35,0,0,0,543
Marcus,Briscoe,22,RB,72,177,25,1,None,5,70,70,35,80,70,35,35,35,65,100,35,35,35,35,35,0,0,0,544
Walter,Briscoe,33,LB,73,192,25,1,None,5,70,70,35,83,35,35,35,35,35,100,75,35,35,35,35,0,0,0,545
Damon,Spencer,40,TE,79,280,25,1,None,0,50,35,35,59,55,35,76,35,35,100,35,35,35,35,35,0,0,0,578
Asahel,Asahel,23,RB,72,185,25,7,None,0,70,69,35,98,86,35,35,35,35,100,35,35,35,35,35,0,0,0,814
